codigo_de_sujeto,nombre,codigo_eic,tipo_de_sm
JOIN,1,18X0000000001RQ5,Consumidor directo mercado
VIEPR,18X000000000CICG,18X000000000CICG,Productor
ATAL,18XATAL-12345-1E,18XATAL-12345-1E,Productor
BURGE,18XBURGE-1234--I,18XBURGE-1234--I,Productor
MIRAS,18XMIRAS-12345-9,18XMIRAS-12345-9,Productor
PECKE,18XPAPELECKERSAC,18XPAPELECKERSAC,Productor
PEUSA,18XPEUSA-12345-4,18XPEUSA-12345-4,Productor
TIRCA,18XTIRCA-12345-N,18XTIRCA-12345-N,Productor
CACI,2026 CACI ENERGIA,18X000000000PJDX,Comercializador
SOLIM,"3 SOLIMA, SL",18X000000000PI89,Comercializador
DSMAR,3D SMART ENERGY SL,18X000000000LHZB,Comercializador
AJENE,"A2J ENERGIA, S.L.",18X000000000P83C,Comercializador
ABESL,AB ENERGIA 1903,18XABESL-12345-G,Comercializador
ABAST,ABASTE COMERCIALIZADORA,18X000000000FUA9,Comercializador
ABOGE,"ABOÑO GENERACIONES ELECTRICAS, S.L.U.",18X000000000P4PH,Productor
ABOUT,ABOUT WHITE SL,18XABOUT-1234--H,Comercializador
ACAPE,ACAPERSA 1997 SL,18X000000000M3AP,Consumidor directo mercado
ACENH,ACENHOL ENERGIA SOCIEDAD LIMITADA,18X000000000M8D4,Comercializador
ACENO,ACENORCA,18XACENORCASCL-S,Consumidor directo mercado
ACOST,ACOS T IBERICA SL,18X000000000PLIH,Comercializador
ACSOL,ACSOL ENERGIA GLOBAL,18X00000000019VC,Comercializador
ACTIV,ACTIVA ENERGIA,18X000000000G865,Comercializador
ADEIN,ADEINNOVA ENERGIA S.L,18XADEIN-12345-0,Comercializador
ADELF,ADELFAS ENERGIA SL,18XADELF-12345-5,Comercializador
ADSEN,ADS ENERGIA,18X000000000J8I6,Comercializador
ADSSM,ADS ENERGY 8.0 SL,18XADSSM-12345-E,Comercializador
ADUR,ADURIZ ENERGIA,18XADURI-12345-1,Comercializador
ADXRA,ADX RENOVABLES SL,18X000000000P0RP,Comercializador
AGENT,AE3000 AGENT COMERCIALIZADOR S,18XAE3000AGENTC1,Productor
AEQ,AEQ W2M,18X000000000PE5R,Comercializador
AME,AGENTE DEL MERCADO ELECTRICO,18XAME-123456-14,Comercializador
AGREN,"AGRI ENERGIA, S. A.",18XAGREN-1234-3J,Comercializador
AGMA,AGUAS DEL MARQUESADO S.L,18XAGMA-123456-K,Consumidor directo mercado
ALENE,AHORA LUZ ENERGÍA SL,18X000000000ND51,Comercializador
ALUZ,AHORRELUZ,18X0000000002ONG,Comercializador
AIZEE,AIZEN ENERGIA SOSTENIBLE RENOVABLE,18X000000000P60O,Comercializador
ALCAN,ALCANZIA ENERGIA,18XALCANZIA-ESP2,Comercializador
ELVA1,ALDEA CLIENTES,18XELVA1-12345-H,Comercializador
ALDEF,ALDEFE COMERCIALIZADORA DE ENE,18XALDEF-12345-R,Comercializador
ALDRO,ALDROENERGIA Y SOLUCIONES SL,18XALDROENERGIAI,Comercializador
ALIOE,ALIO ENERGIA S.L.,18X000000000P2CC,Comercializador
LOBO,ALMENDRA Y MIEL S.A,18XLOBO-123456-L,Consumidor directo mercado
ALPEX,ALPEX IBERICA DE ENERGIA SL,18X0000000008VQ2,Comercializador
ALSEG,ALQUILER SEGURO ENERGIA SA,18X000000000K4EM,Comercializador
ALDEC,ALRERAAN ENERGIA SLU,18X000000000NLQ9,Comercializador
ALSEC,ALSET COMERCIALIZADORA,18X000000000H7XO,Comercializador
CODOR,ALTA COMERCIALIZADOR,18X0000000005GY6,Comercializador
NEXOR,"ALTANO CONNECT, S.L.",18X000000000PIU2,Comercializador
LIUP,ALTERNA OPERADOR INTEGRAL,18XLIUP-123456-M,Comercializador
ALMAE,ALUMINIOS DEL MAESTRE,18X18XALUMAESTRA,Consumidor directo mercado
ALUZE,ALUZ ENERGIA ELECTRICA,18X000000000JZ7L,Comercializador
AMPEA,"AMPERE ENERGY COMERCIALIZADORA Y SERVICIOS ENERGETICOS, SRL",18X000000000P874,Comercializador
AMPER,AMPERIOS ENERGY TRADE,18X000000000L409,Comercializador
ANGLB,"ANGLER ENERGIA, S.L.",18X000000000PFNP,Comercializador
ANIMA,ANIMA,18X0000000006BIC,Comercializador
ANTEA,ANTEA ENERGIA COMERCIALIZADORA,18X0000000003F35,Comercializador
APOLB,APOLO BUSINESS SL,18X000000000P3Z0,Comercializador
APRES,APRESTOS DE LANERIA SA,18X000000000NKXZ,Representante
ARACA,ARACAN ENERGIA SL,18XARACA-12345-G,Comercializador
HARXX,ARANDINA,18X000000000N320,Consumidor directo mercado
ARAS,ARASOL,18XARAS-123456-P,Consumidor directo mercado
AMELU,ARCELORMITTAL ENERGY SCA,22X10092011----M,Representante
ARGIM,ARGIMODE SL,18X000000000NQYF,Consumidor directo mercado
ASEGE,ASEGE GESTION SL,18X000000000PDG8,Comercializador
ASIE,ASISTENCIA ENERGÉTICA S.L.,18XASIE-123456-S,Comercializador
ASSEN,"ASSEN ENERGY, S.L.",18X000000000P5GW,Comercializador
ASTEN,ASTEN RENOVABLES S.L.U.,18X000000000PG3P,Comercializador
ASTRA,ASTRALCAD ENERGIA S.L.,18X000000000LSEK,Comercializador
ATENC,ATENCO ENERGIA,18X000000000HDW8,Comercializador
ATLAS,ATLAS ENERGIA COMERCIAL,18XATLAS-12345-P,Comercializador
ATPEN,ATP ENERGIA SL,18X000000000P4MN,Comercializador
ATRES,ATRIA INVERSIONES ENERGÍA SL,18X000000000P6R7,Representante
AST,ATURAGUA,18XASTURAGUASICF,Consumidor directo mercado
ADXRE,AUDAX RENOVABLES,18X000000000CNU2,Comercializador
APRIM,AUSARTA PRIMA,18X0000000003DYN,Comercializador
AVAN,AVANGREEN,18X00000000063QK,Comercializador
AXEOE,AXEO ENERGIA SL,18X000000000PKTZ,Comercializador
AYLUZ,AYLUZ COMERCIALIZADORA,18XAYLUZ-12345-Z,Comercializador
AVIL,AYUNTAMIENTO DE AVILES,18XAVIL-123456-X,Consumidor directo mercado
BACA,BACAICOA,18X000000000CH6V,Consumidor directo mercado
BBEL,BAHÍA DE BIZCAIA ELECTRICIDAD,18XBBEL-12345-0R,Productor
BALEI,BALEIKE,18X000000000I1RD,Consumidor directo mercado
BARER,BARBO ENERGÍAS RENOVABLES S.A.,18XBARER-12345-W,Productor
BASKO,BASKONIA KIROL HIRIA SLU,18X000000000P23U,Consumidor directo mercado
BECO,"BASSOLS ENERGIA COMERCIAL,S.L.",18XBECO-12345-3E,Comercializador
BENOI,BEROIL ENERGIA ELECTRICA,18X000000000HO5T,Comercializador
BESPI,BESPIN ENERGIA SL,18X000000000P64G,Comercializador
BESTO,"BEST OPTION ENERGY, S.L.",18X000000000P58B,Comercializador
BIODI,BIODIESEL ARAGON,18X000000000P0MZ,Consumidor directo mercado
SANTG,"BIOENERGÍA SANTAMARÍA, S.A.",18XSANTG-12345-Q,Productor
BIROU,BIROU GAS SL,18XBIROU-12345-V,Comercializador
BIZE,BIZCAIA ENERGIA,18XBIZE-12345-04,Productor
BOAEN,"BOAENERGETICA 2000, S.L.",18X000000000P2QL,Comercializador
BNPRU,BON PREU SAU,18X000000000GDUG,Comercializador
BP,BP GAS EUROPE,18XBP-1234567-3K,Comercializador
BSGEA,BSG ENERGIA,18X00000000079AU,Comercializador
EON,BUYING AND SELLING OF POWER IN DAY AHEAD AND INTRADAY,11XEON-H-------8,Comercializador
BYENE,BY ENERGYC ENERGIA EFICIENTE,18X000000000H7WQ,Comercializador
CALEA,CALERA DE ALTZO,18X000000000BPZR,Consumidor directo mercado
DOLNO,CALERA DOLOMITAS,18X000000000BQ0K,Consumidor directo mercado
CANDL,CANDELA ENERGÍA SL,18X000000000F105,Comercializador
CAPAL,CAPALO AI SPAIN OY,44X-00000000323W,Comercializador
CAPTA,CAPTURA ENERGIA SL,18X000000000P12Z,Comercializador
CARGY,"CARTO ENERGY, SOCIEDAD LIMITADA",18X000000000PFLT,Comercializador
CASAT,CASAT,18X0000000001FYP,Consumidor directo mercado
CATGA,CATGAS ENERGIA S.A,18XCATGA-12345-J,Comercializador
CEBIN,CEBIN ENERGY SL,18X000000000PK4B,Comercializador
CELL,CELLTECH S.L.U,18XCELL-123456-U,Consumidor directo mercado
CELSA,CELSA,18X0000000003VQM,Comercializador
CEASA,CELULOSA DE ASTURIAS,18XCEASA-1234-4V,Consumidor directo mercado
CENER,"CELULOSA ENERGÍA, S.L",18XCENER-1234-1T,Productor
CEMEK,CEMENTO SOLAR SPAIN S.L,18X000000000P9ZJ,Comercializador
CCSR4,CENTRAL TÉRMICA CCO G4 S.L.,18XCCSR4-12345-O,Productor
NEAS,CENTRICA ENERGY TRADING A/S,11XNEAS--------Q,Comercializador
DETIC,CEPSA GAS Y ELECTRICIDAD,18XDETI-12345-1D,Comercializador
CHDUE,CH DUERO,18XCHDUE-12345-9,Productor
CHARG,CHARGE ENERGY SL,18X000000000PFJX,Comercializador
CHCOR,CHC COMERCIAL DE REFERENCIA,18XCHCOR-12345-0,Comercializador de Referencia
CHURC,"CHURCH ENERGY, S.L.",18X000000000P9P2,Comercializador
CHC,"CIDE HCENERGÍA, S.A.",18XCHC-1234567-3,Comercializador
CIMA,CIMA ENERGIA COMERCIALIZADORA,18X000000000C262,Comercializador
CINET,"CINETICA SOLUCIONES ENERGETICAS, S.L.",18X000000000PGQG,Comercializador
CLEAR,CLEARVIEW ENERGY,18X000000000KB0T,Comercializador
NOEL,COGENERACIÓN DE BEGUDA S.A.,18XNOEL-123456-T,Productor
COBUR,COGENERADORA BURGALESA,18XCOBUR-12345-F,Productor
ELMON,COM ELECTRICA MONTOLIU,18X00000000023CR,Comercializador
CETAL,COMERC ELECTRICA TALAYUELAS,18XCETAL-12345-6,Comercializador
COMER,"COMERCAST ENERGIAS, SL",18X000000000JVAR,Comercializador
TOREN,COMERCIALITZADORA TORRES ENERG,18X0000000001C2O,Comercializador
POZO,COMERCIALIZACION,18XELECTDELPOZOP,Comercializador
AIREL,COMERCIALIZADOR,18X000000000572N,Comercializador
NOBE,COMERCIALIZADOR DE ENERGIA,18XNOBE-123456-L,Comercializador
CEDSL,COMERCIALIZADORA DE ENERGIA DIRECTA SL,18XCEDSL-12345-2,Comercializador
ORWEL,COMERCIALIZADORA DE ENERGÍA ELÉCTRICA,18X0000000008XZF,Comercializador
COMEE,"COMERCIALIZADORA DE ENERGÍA TRANSPARENTE, S.L.",18X000000000PB41,Comercializador
COMEF,"COMERCIALIZADORA DE ENERGIAS RENOVABLES Y DE SERVICIOS DE LUZ AMA Y GAS ZON, SOCIEDAD LIMITADA",18X000000000PDJ2,Comercializador
ENMED,COMERCIALIZADORA DEL MEDITERRANEO,18X0000000001D6D,Comercializador
ALBCO,COMERCIALIZADORA ELECTRICA DALBATARREC SLU,18X00000000023DP,Comercializador
COMED,COMERCIALIZADORA ELECTRICA DE TENERIFE SL,18X000000000P793,Comercializador
COMEG,COMERCIALIZADORA ELECTRICA INDUSTRIAL SA,18X000000000PK1H,Comercializador
ELESU,COMERCIALIZADORA ELECTRICA SUD,18X00000000023US,Comercializador
SUMAE,COMERCIALIZADORA ELECTRICA VALENCIANA,18X000000000GW67,Comercializador
LUBAL,COMERCIALIZADORA ELECTRICIDAD,18XLUBALOO12345L,Comercializador
CESOS,COMERCIALIZADORA ENERGETICA SOSTENIBLE - GRUPO EDP,18X000000000GI7A,Comercializador
COMCH,COMERCIALIZADORA LA CHISTABINA,18X0000000006SQJ,Comercializador
LER,COMERCIALIZADORA LERSA SL,18XLER-123456-3W,Comercializador
BEYON,COMERCIALIZADORA LUZIA ENERGIA,18X0000000008NYA,Comercializador
COALG,COMERCIALIZADORA SUMINISTRO ES,18XCOALG-12345-U,Comercializador
COMPA,COMPAÑÍA CASTELLANA DE COMERCIALIZACION ELECTRICA S.L.,18X000000000JVVM,Comercializador
CEPSA,COMPAÑÍA ESPAÑOLA DE PETROLEOS,18XCEPSA-12345-6,Productor
LUMIE,COMPAÑIA LUMISA ENERGIAS,18XLUMIE-12345-G,Comercializador
TRADB,COMPRAENERGIAPARAGRUPO,18X000000000G6S4,Consumidor directo mercado
CONEC,CONECTA2,18XCONEC-12345-U,Comercializador
CZFV,CONSORCIO ZONA FRANCA DE VIGO,18XCZFV-123456-3,Consumidor directo mercado
RIVAS,CONSUMIDOR DIRECTO AYUNTAMIENTO RIVAS,18X00000000053OS,Consumidor directo mercado
ARRUB,"CONTOURGLOBAL LA RIOJA, S.L.",18XARRUB-12345-A,Productor
CECA,"COOP ELECTR DE CASTELLAR, S.CV",18XCECA-123456-H,Comercializador
CCATR,COOP. ELECT. CATRALENSE,18XCCATR-12345-W,Comercializador
EBIAR,COOP. ELECT. NTRA. SRA. GRACIA,18XEBIAR-12345-9,Comercializador
EDFAS,COOP.ELECTRICA SERRALLO,18XEDFAS-12345-9,Comercializador
SFAD,COOPELECSANFCODEASIS,18XSFAD-123456-B,Comercializador
CEA,COOPERATIVA ELÉCTRICA-BENÉFICA,18XCOOPERATIVAES,Comercializador
CORPO,CORPOLUX,18XCORPO-12345-R,Comercializador
GUIS,CORPORACION ALIMENTARIA GUISSO,18XGUIS-12345-1P,Productor
VINI,COVINIL,18XVINI-123456-2,Consumidor directo mercado
AENER,COX ENERGIA COMERCIALIZADORA,18XAVALIAENERGIN,Comercializador
CRCES,CRCES,18X000000000HFKQ,Consumidor directo mercado
CREAE,"CREAENERGIA ECO, S.L.U",18X000000000M0P4,Comercializador
CRESO,CRECE SOLUCIONES DE ENERGIA,18X000000000JE5E,Comercializador
CUNC,CUNTIENSE COMERCIALIZADORA,18XCUNC-123456-H,Comercializador
CUPA,CUPIRE PADESA S.L,18XCUPA-123456-F,Consumidor directo mercado
IBCUR,CURENERGÍA,18XIBCUR-12345-8,Comercializador de Referencia
CUVER,"CUVER DESTELLA ENERGIA, SL.",18X000000000PA52,Comercializador
CYDAE,CYDAE,18XCYDAE14888322,Comercializador
CYE,CYE ENERGÍA S.L.,18XCYE-123456--N,Comercializador
DAIMU,DAIMUZ ENERGIA SL,18XDAIMUZSL2014M,Comercializador
DANSK,DANSKE COMMODITIES,18X000000000PIC1,Comercializador
DEELU,DEE LUNA ENERGY SL,18X000000000PLAX,Comercializador
DEPOA,DEPORTIVO ALAVES SAD,18X000000000N0QZ,Consumidor directo mercado
DESMA,DESMA SOLUCIONES SL,18X000000000PE9J,Comercializador
DILUZ,DILUZ COMERCIALIZADORA DE ELECTRICIDAD S.L.,18X000000000L8SF,Comercializador
DIPBA,DIPUTACION DE BADAJOZ,18X000000000HGOF,Consumidor directo mercado
DIREA,DIRECT GREEN S.L,18X000000000M8U7,Comercializador
DIELE,DISA ENERGIA ELECTRICA SL,18X0000000004IJY,Comercializador
ELCAT,"DISTRIBUIDORA ELÉCTRICA DE CATOIRA, S.A",18XELCAT-12345-B,Comercializador
DIVIC,DIVICONSULTING ENERGIA COMERCIALIZADORA,18X0000000004S7S,Comercializador
ZEREN,DOMESTICA GAS Y ELECTRICIDAD,18X0000000000X4Z,Comercializador
DONBE,"DON BELTRAN MARKET, S.L.",18X000000000PEAH,Comercializador
DREUA,DREUE AGRUPACION S L,18XDREUA-12345-C,Comercializador
DRK,DRK ENERGY COMERCIALIZADORA,18XDRK-1234567-4,Comercializador
DUERO,DUEROLUZ ENERGIA SL,18X000000000PG9D,Comercializador
DUFEA,DUFERCO ENERGIA S.P.A.,26X00000009701-T,Comercializador
DXD,DX COMERCIALIZADORA,18X0000000004SMZ,Comercializador
DUFER,DXT COMMODITIES SA,12X-0000001848-D,Comercializador
DYNEF,DYNEFF ESPAÑA SL,18X000000000LV8N,Comercializador
EGEN,E GUIXES ENERGIA,18XEGEN-123456-0,Comercializador
ELUZE,"E-LUZ ENERGY SOLUTIONS, S.L.",18X000000000IQ0T,Comercializador
CHERA,"E. DE SOT DE CHERA, SOC. COOP",18XCHERA-12345-R,Productor
EBROE,EBROENERGIA COMERCIALIZADORA SL,18X000000000I18E,Comercializador
ECOND,ECO NUEVOS DESARROLLOS,18XECOND-12345-1,Comercializador
ECOFU,ECOFUTURA LUZ ENERGIA,18X00000000024EK,Comercializador
ECOTH,"ECOTHERMIC XXI, SOCIEDAD LIMITADA",18X000000000P7IM,Comercializador
ECOVE,ECOVERGY RENOVABLES,18X000000000NWLN,Comercializador
EDFT,EDF TRADING LTD,11XEDFTRADING--G,Comercializador
EDFAC,EDFA CASABLANCA,18XEDFAC-12345-5,Comercializador
EDPCL,EDP CLIENTES,18X000000000I8HC,Comercializador
HC G,"EDP ESPAÑA, S.A.",18XHCG-123456-0D,Productor
EFIDU,EFI-DUERO ENERGY SOCIEDAD COOPERATIVA EUROPEA LIMITADA,18X0000000004Y3I,Comercializador
EFIRA,EFIRAM PATRIMONIO SL,18X000000000PE1Z,Comercializador
EGNIS,EGNI SMART ENERGIES SL,18X000000000PKP6,Comercializador
EGSGE,"EGSG ELECTRIK N1, S.L.",18X000000000PGMO,Comercializador
EGED,EHN GREEN ENERGY DEVELOPMENT,18XEGED-12345-16,Comercializador
EKHIN,"EKHINEO ENERGÍA, S.L.",18X000000000P3F3,Comercializador
KREAN,EKILUZ ENERGIA COMERCIALIZADORA SL,18X000000000HBAL,Comercializador
ELALG,ELALG,18XELALG-12345-3,Comercializador
STACO,ELEC MUN S COLOMA DE QUERALT,18X0000000002Q2F,Comercializador
RONDA,ELEC SERRANIA RONDA ENERGIA SL,18XRONDA-12345-B,Comercializador
ELECB,ELECBALEAR SL,18X00000000014AW,Comercializador
ELECN,ELECNOVA,18XELECNOVASXXIG,Comercializador
ELTED,ELECTED ENERGY,18X000000000ITO9,Comercializador
EAM01,ELECTRA ALTO MIÑO COMERCIALIZA,18XEAM01-12345-F,Comercializador
ELAVE,"ELECTRA AVELLANA COMERCIAL, S.",18XELAVE-12345-W,Comercializador
ECAL,"ELECTRA CALDENSE ENERGÍA, S.A.",18XECAL-12345-3E,Comercializador
ECE,ELECTRA DEL CARDENER ENERGIA,18XECE-123456-3V,Comercializador
EEN,ELECTRA ENERGIA S.A.U.,18XEEN-123456-3J,Comercializador
NORT,"ELECTRA NORTE ENERGIA, S.A.",18XENORT-1234-1W,Comercializador
VAQ,"ELECTRA VAQUER, S.A.",18XVAQ-123456-3Z,Comercializador
CENTS,ELECTRACOMERCIAL CENTELLES,18XCENTS-12345-4,Comercializador
AMADR,ELECTRICA ANTONIO MADRID,18XELANTONIMADRV,Comercializador
ELBEN,ELECTRICA BENASQUE SL,18X0000000001SQ2,Comercializador
CATRA,ELECTRICA CATRALENSE SLU,18XCATRA-12345-K,Comercializador
EALB,"ELECTRICA DE ALBATERENSE, S.L",18XEALB-123456-4,Comercializador
ECADZ,ELECTRICA DE CADIZ,18XECADZ-1234-3U,Comercializador
CALLO,ELECTRICA DE CALLOSA DE SEGURA,18XCALLO-12345-5,Productor
ACHER,ELECTRICA DE CHERA,18XACHER-12345-K,Comercializador
COELD,"ELECTRICA DE GUADASSUAR, S.C.V",18XCOELD-12345-D,Comercializador
EMELI,ELECTRICA DE MELIANA,18XELECTRICADEME,Comercializador
JOSEP,ELECTRICA DE SUDANELL SL,18XJOSEP-12345-Q,Comercializador
VINAL,ELECTRICA DE VINALESA SCV,18XVINAL-1234--H,Comercializador
ELPOP,"ELECTRICA POPULAR, S. COOP.",18XELPOP-12345-N,Productor
SALPA,ELECTRICA SALAS DE PALLARS COMERCIALIZADORA,18X00000000023BT,Comercializador
ESERO,ELECTRICA SEROSENSE,18XESERO-1234-3C,Comercializador
SOLL,ELECTRICA SOLLERENSE SA,18XSOLLE-12345-F,Comercializador
ELEIA,ELECTRICIDAD ELEIA SL,18X000000000D1QZ,Comercializador
ELALM,ELECTRICITAT DALMENAR SL.,18X0000000002CQ9,Comercializador
CERLE,ELECTRONICA CERLER S.A,18X000000000PEF7,Consumidor directo mercado
EROUT,ELECTROROUTE ENERGY TRADING LD,23X----110718ERI,Comercializador
ELEGA,ELEGA ENERGIA COMERCIALIZADORA,18X00000000029OM,Comercializador
ELEK,ELEK COMERCIALIZADORA,18XELEK-123456-7,Comercializador
EGLE,ELEKTRIZITATS-GESELLSHAFT,18XEGLE-12345-1U,Comercializador
ELVA2,ELEVA 2 COMERCIALIZADORA,18XELVA2-12345-8,Comercializador
ELITE,ELITE BIOENERGÍA S.L.,18X000000000K2TZ,Comercializador
EMES,EMILIO ESTEBAN S.A,18XEMES-123456-Q,Consumidor directo mercado
ENARA,ENARA GESTION Y MEDIACION SL,18XENARA-12345-A,Comercializador
ENCHU,ENCE ENERGIA HUELVA DOS,18X000000000FCRT,Productor
PU100,ENCE ENERGIA PUERTOLLANO,18X000000000FCTP,Productor
EENER,"ENCE ENERGÍA, S.L.",18X000000000F0ZC,Productor
ENCIE,"ENCIENDETENERGIA, S.L.",18X000000000OB37,Comercializador
ECYR,ENDESA COGENER Y RENOVABLES,18XECYR-12345-1R,Productor
ENDCO,Endesa Energia,18XENDCO-1234-3B,Comercializador
EEREN,ENDESA ENERGIA RENOVABLE,18X000000000EGUF,Comercializador
ENDI,ENDI ENERGIA,18X000000000F9VU,Comercializador
ENEFI,ENERFIA,18X000000000FYXP,Comercializador
EGAZE,ENERGAZE,18X000000000LIAL,Comercializador
DLSTE,ENERGÉTICA DEL ESTE SL,18X000000000EYNC,Comercializador
ENEDK,ENERGETICA HOTELERA,18X000000000P2NR,Comercializador
ECOLE,ENERGÍA COLECTIVA,18XENECOLECTIVA6,Comercializador
ENERY,ENERGIA ECOLOGICA ECONOMICA,18X000000000I7WM,Comercializador
ENEEX,ENERGÍA GAS AL-ANDALUS SL,18X000000000PIA5,Comercializador
ENUFR,ENERGIA NUFRI,18X00000000037UC,Comercializador
EOP20,ENERGIA OPERATIVA,18XEOP20-12345-P,Comercializador
ENEET,ENERGIA RESPONSABLE COMERCIALIZADORA SL,18X000000000PF1W,Comercializador
ENEDG,ENERGIA UNICA SOLUCIONES INTEGRALES SL,18X000000000P1UG,Comercializador
EVIVA,ENERGIA VIVA SPAIN SL,18XEVIVA-12345-8,Comercializador
EEXXI,Energia XXI,18XEEXXI-12345-T,Comercializador de Referencia
EYCE1,ENERGIA Y COMERCIALIZACION EMPRESARIAL SL,18X0000000005UAC,Comercializador
ENEDB,ENERGIAREA EUROPE SL,18X000000000NSRN,Comercializador
ENDEE,ENERGIAS DE ESCARRILLA SL,18X0000000002JEC,Comercializador
CAMCO,ENERGIAS DE LA VILLA DE CAMPO COMERCIALIZADORA SLU,18X0000000003HAM,Comercializador
ENDEP,ENERGIAS DE PANTICOSA COMERCIALIZADORA,18X0000000002SAU,Comercializador
ENEAC,ENERGIAS DEL ZINQUETA COMERCIALIZADORA SLU,18X000000000J562,Comercializador
MEDI,ENERGIAS RENOVABLES MEDITERRANEAS,18XMEDI-12345-1Z,Productor
ENRNV,ENERGIAS RENOVADORAS SL,18X000000000M7D7,Comercializador
ENEDJ,ENERGIES RENOVABLES PUBLIQUES DE CATALUNYA SAU,18X000000000P2JZ,Comercializador
EGREN,ENERGREEN MOBILITY S.L,18X000000000HLO0,Comercializador
COGEN,"ENERGY BY COGEN, S.L.U",18XENERGYBCOGENE,Comercializador
EFG,ENERGY FACTORY GROUP S.L.,18XEFG-123456-1E,Comercializador
EINDE,ENERGY INDEX SL,18XX000000000PBN,Comercializador
INSOL,ENERGY INTERSOL 15,18X000000000KWJ2,Comercializador
ENEPL,ENERGY PLUS IBERIA SL,18X000000000P2TF,Comercializador
ENSAV,ENERGY SAVE PROYECTS,18XENSAV-12345-F,Comercializador
ETSOL,ENERGY TRADER SOLUTIONS SL,18XENERGYTRADERK,Comercializador
EWCA,"ENERGY WORKS CARTAGENA, S.L.",18XEWCA-12345-0G,Productor
CEG,ENERGYA VM GENERACION S.L.U.,18XCEG-123456-1F,Representante
CENTE,"ENERGYA VM GESTION DE ENERGÍA, S.L.U",18XCENTE-1234-3T,Comercializador
STROM,ENERGYSTROMXXI,18XENERGYSTROMXZ,Comercializador
EKORE,ENERKORE SL,18X000000000D7AC,Comercializador
ENEDH,ENERMIA COMERCIALIZADORA ELECTRICA S.L.,18X000000000OUSB,Comercializador
ENPEN,ENERPLUS ENERGIA,18XEPLUSENERGIAN,Comercializador
ENETI,"ENERTIA GROUP, S. L.",18X000000000O06Y,Comercializador
ENVER,ENERVER ENERGIA,18X000000000IDF1,Comercializador
EGALE,ENERXIA GALEGA MAIS,18XENERGIAPLUS1W,Comercializador
ENEXS,ENEX SOCIAL ENERGY SL,18X000000000L247,Comercializador
EBLCO,ENGIE,18XEBLCO-1234-3U,Comercializador
CARTA,ENGIE CARTAGENA S.L.,18XCARTA-1234-01,Productor
CTNU,ENGIE CASTELNOU,18XCTNU-12345-0G,Productor
ENHEA,"ENHER HECSA, SL",18X000000000PDPR,Comercializador
ENTXX,ENTECO EXTREMADURA,18X000000000NSFA,Consumidor directo mercado
ENPHA,ENTECO PHARMA,18X000000000NSG8,Consumidor directo mercado
EPAC,EPAC COMERCIALIZADORA,18X000000000I8L4,Comercializador
EPRSA,EPRESA ENERGIA S.A.U.,18XEPRSA-1234-3L,Comercializador
EQUAN,"EQUANIMITYENERGY TO GO, SLU",18X000000000P9LA,Comercializador
CEEE,ESCANDINAVA DE ELECTRICIDAD,18XCEEE-123456-T,Comercializador
ESDOM,ESDOMO ENERGÍA SL,18X000000000H3FZ,Comercializador
EPYM,ESTABANELL Y PAHISA MERCATOR,18XEPYM-12345-3S,Comercializador
ESBUS,ESTACION AUTOBUSES ZARAGOZA,18X0000000005T7L,Consumidor directo mercado
EPILA,ESTAMPACIONES METALICAS EPILA,18X000000000LEYM,Consumidor directo mercado
ETNER,ETER ENERGIA SL,18X000000000IVL9,Comercializador
URAIV,EVOLVE ENERGIA SL,18X000000000HVP5,Comercializador
EXISC,EXIS COMPONENT S.L.,18X000000000PGIW,Consumidor directo mercado
TEXOR,FABRICA FORRERIA,18XTEXOR-12345-S,Consumidor directo mercado
SEDAT,FABRICA TELA,18X000000000GOH9,Consumidor directo mercado
RENSP,FALCK NEXT ENERGY SRL SPAIN SUCURSAL,18X000000000P1VE,Representante
FASTL,FASTLIGHT S.L,18X000000000PB8U,Comercializador
FEED,FEED ENERGIA,18X000000000JFCY,Comercializador
FEMCV,FEMCV,18XFEMUSEROSSCV3,Comercializador
FENER,FENERGAS ENERGIA SL,18X000000000PILK,Comercializador
FEN,FENIE ENERGIA,18XFENIEENERGIAX,Comercializador
FLAMA,FLAMAGAS LLINARS SLU,18X000000000AJ7V,Consumidor directo mercado
FECII,FLUID ELECTRIC CAMPRODON II S,18XFECII-12345-R,Comercializador
FEDA,FORCES ELECTRIQUES D ANDORRA,18XFEDA-123456-4,Comercializador
FORTE,FORESTA TERRENOS,18XFORESTATERREK,Consumidor directo mercado
FORTU,FORTULUZ COMERCIALIZACION,18XFORTULUZ----4,Comercializador
FORZA,FORZAVSUNAIR,18X000000000762I,Comercializador
FOX,FOX ENERGIA,18XFOX-1234567-J,Comercializador
OLLER,FRANCISCO OLLER SA,18X000000000CQ2C,Consumidor directo mercado
FRANK,"FRANK ENERGIA IBERIA, S.L.",18X000000000P33R,Comercializador
FUSEE,FUSE ENERGY IBERICA SL,18X000000000PAGH,Comercializador
FUTGR,FUTURA GREEN RENOVABLES,18XFUTGR-12345-V,Productor
GABAC,GABA COMERCIALIZADORA DE ELECTRICIDAD SLU,18X000000000MEVO,Comercializador
GGLOB,GAIA GLOBAL ENERGY SL,18XGGLOB-12345-5,Consumidor directo mercado
GALAP,GALAPAGO ENERGIA SL,18X000000000P3LS,Comercializador
GALP,GALP ENERGIA ESPANA,18XGALP-123456-N,Comercializador
GAMB,GAMBASTAR S.L,18XGAMB-123456-4,Consumidor directo mercado
GAMBI,"GAMBITOENERGY, S.L.",18X000000000P1AJ,Comercializador
GAOLA,GANA ENERGIA,18XGAOLANIASERVL,Comercializador
GME,GARCIAMUNTE ENERGIA S L,18X000000000H829,Representante
GNCO,GAS NATURAL COMERCIALIZADORA,18XGNCO-12345-3Q,Comercializador
GNSE,"GAS NATURAL SERVICIOS SDG, S.A",18XGNSE-12345-3O,Comercializador
GNSUR,"GAS NATURAL SUR SDG, S.A.",18XGNSUR-12345-A,Comercializador de Referencia
GDIVE,GASELEC DIVERSIFICACION SL,18XGDIVE-12345-E,Comercializador
SRVGS,GASHOGAR,18XSRVGS-12345-F,Comercializador
GSLZE,GASILUZ ECO ENERCIA,18X000000000H3C4,Comercializador
GAVIP,GAVIPLAS,18XGAVIPLAS-S-LX,Consumidor directo mercado
GMT,GAZPROM MARKETING & TRADING LI,11XGAZPROM-MT--Y,Comercializador
FR_GS,GDF SUEZ TRADING,17X100A100R0128W,Comercializador
GNRA,GENERA ENERGIA Y TECNOLOGIA,18XGNRA-12345-15,Productor
ANGEL,GENHIDRO S.L.,18XANGEL-12345-R,Productor
GEOLU,GEO LUZ Y GAS SLU,18X000000000P3Y2,Comercializador
GEOAL,GEOAL,18XGEOAL-12345-9,Comercializador
GAC,GEOATLANTER S.L.,18XGEOATLANTERCD,Comercializador
GESL,GERENCIA ENERGETICA,18X000000000IHZN,Comercializador
GRTEN,GERENTA ENERGIA,18X0000000004QAS,Comercializador
GESTE,GESTERNOVA S.A.,18XGESTE-12345-N,Comercializador
GESTI,"GESTINER INGENIEROS, S.L.",18XGESTI-12345-O,Consumidor directo mercado
GEMSL,GESTION DE ENERGIA Y MERCADOS,18XGEMSL-1234--H,Comercializador
GESTQ,GESTION INTEGRAL COMUNIDADES ENERGETICAS EUROPA SL,18X000000000PFY3,Comercializador
GBENE,GLOBAL BIOSFERA ENERGIA,18XGLOBALBIOSFE3,Comercializador
GSETT,"GLOBAL SOLAR ENERGY, S.A.",18XGSETT-12345-M,Productor
GOENC,GODAY ENERGIA,18XGOENC-12345-O,Comercializador
GOIEN,GOIENER S.COOP,18XGOIEN-12345-8,Comercializador
GRAFV,GRAFICAS VARIAS SA,18X000000000F7EX,Consumidor directo mercado
FORTI,GRANDES CONSUM. INDUSTR. S.L.,18XFORTI-12345-2,Comercializador
GREAL,"GREEN ENERGY 360, S.L.",18X000000000P8TY,Comercializador
GRNSR,"GREENSUNRISE ENERGY, S.L.",18X000000000P5YX,Comercializador
ENCEG,GRUPO EMPRESARIAL ENCE S.A - C,18XENCEG-1234-14,Productor
ENDG,GRUPO ENDESA GENERACION,18XENDG-12345-0G,Productor
GURBT,"GURBTEC ENERGIA, SL",18X000000000JVWK,Comercializador
GWHCO,"GWH COMERCIALIZADORA ELECTRICA, S.L.",18X000000000PI5F,Comercializador
HAFES,"HAFESA MOBILITY ELC, S.L.",18X000000000P6WY,Comercializador
HALLE,"HALLEY ENERGY, SOCIEDAD LIMITADA",18X000000000P35N,Comercializador
ESHAN,HANWHA,18X000000000GB6X,Comercializador
HAPO,HARINAS POLO,18X0000000007EE7,Consumidor directo mercado
HELIC,HELIA COOPV,18X0000000009ENI,Comercializador
HELEC,HELIOELECENERGIA ELECTRICAYGAS,18X0000000008WVQ,Comercializador
HELEI,HELIOS ENERGIA INTELIGENTE,18X000000000KJSN,Comercializador
HDE,"HIDRO NITRO ESPAÑOLA, S.A.",18XHDESG-1234-1Y,Productor
HIDSE,HIDROBESORA SERVICIOS SL,18X0000000001ZE5,Comercializador
HCENE,HIDROCANTÁBRICO ENERGÍA COMERC,18XHCENE--123-3S,Comercializador
HCCUR,HIDROCANTABRICO ULTIMO RECURSO,18XHCCUR-12345-9,Comercializador de Referencia
ALAHU,HIDROCARBUROS ALAHURÍN SL,18X000000000O2PR,Comercializador
VALI,HIDROELECTRICA DEL VALIRA SL,18XVALI-12345-3M,Comercializador
HECEN,"HIDROELÉCTRICA EL CARMEN ENERGÍA, S.L",18XHCARMENENERG1,Comercializador
LUM1,HIDROELECTRICA LUMYMEY SL,18XLUM1-123456-L,Comercializador
HIDRJ,HIDROJERTE,18XHIDRJ-12345-S,Productor
HILAD,HILADOS EGARFIL S.A.,18X0000000001SR0,Consumidor directo mercado
HISPE,HISPAELEC,18XHISPE-1234-3C,Comercializador
MELUL,HISPANO TEX,18XMELUL-12345-N,Consumidor directo mercado
CLIDM,HOLALUZ CLIDOM,18XCLIDM-12345-4,Comercializador
HORE,HORECA ENERGIA SL,18XHORECAENERGIR,Comercializador
FLECA,HORNO INDUSTRIAL DE PAN,18X0000000000FB1,Consumidor directo mercado
SILOS,HOTEL SILOS,18X0000000006PEF,Consumidor directo mercado
HOYEN,HOY ENERGIA S.L.,18X000000000LZ1P,Comercializador
HSATE,HSAT21 ENERGIA SL,18X000000000M510,Comercializador
HUNOS,HULLERAS DEL NORTE S.A.,18XHUNOSA-1234-0,Productor
HYDRO,HYDROEXERGY S.L.,18X000000000P5V2,Comercializador
IBERD,IBERDESA SUJETO DE MERCADO,18X000000000FEAK,Comercializador
IBCLI,IBERDROLA CLIENTES,18XIBCLI-12345-V,Comercializador
IBEG,IBERDROLA GENERACION,11XIBERDROLA-013,Productor
IBGES,IBERDROLA GENERACION ESPAÑA,18XIBGES-12345-4,Comercializador
IGNU,IBERDROLA GENERACION NUCLEAR,18XIGNU-123456-1,Productor
IBGT,IBERDROLA GENERACION TERMICA,18X000000000A32F,Productor
IBSEN,IBERDROLA SERVICIOS ENERGETICO,18X0000000009KQV,Comercializador
GALA1,IBERELECTRICA COMERCIALIZADORA,18XGALA1-12345-B,Comercializador
IBSUS,IBERICA DE SUSPENSIONES,18X000000000L433,Consumidor directo mercado
IBERB,"IBERICA IMPULSA, S.L",18X000000000K1YS,Comercializador
IBERY,"IBERMAX ENERGY Y CONSULTING, S.L",18X000000000NKYX,Comercializador
IDESE,"IDES ENERGÍA, S.L.",18X000000000P5OG,Comercializador
IGNIS,IGNIS COMER ELECTRICA,18XIGNIS-12345-C,Comercializador
CYDDP,IGNIS GENERACIÓN S.L.,18X0000000002A2Q,Productor
LAND,ILANDS AND BUILDINGS,18XLAND-123456-J,Consumidor directo mercado
IM3,IM3ENERGIA,18XIM3ENERGIASLH,Comercializador
IMAXI,"IMAXIMA ENERGIA, S.L.",18X000000000PL9Z,Comercializador
IMPER,IMPERIUM LUMEN S.A.,18X000000000MYZU,Comercializador
INARG,INARGY SPOT S.L.U.,18X000000000P92B,Comercializador
ICGAS,INCOGAS,18XICGAS-12345-W,Comercializador
INDA,"INDALO ENERGÍA, S.L.",18X000000000PE7N,Comercializador
INDAR,"INDAREL KUDEAKETA, SLU",18X000000000P74D,Comercializador
INDEX,INDEXO ENERGIA,18XINDEXOENERGIR,Comercializador
INERM,INER MADRID SL,18X000000000PDTJ,Comercializador
INER1,INER1CO1,18XINER1-12345-W,Comercializador
INGAR,INGAROIL,18XINGAR-12345-K,Productor
ISMSL,INGEBAU SOLUCIONES DE MEDIDA,18X000000000F2DD,Comercializador
INGEM,INGEM ENERGIA SL,18X000000000IFXX,Comercializador
IENOV,INICIATIVA E.NOVA,18XIENOV-12345-N,Comercializador
INICB,"INICIATIVAS ENERGÉTICAS O3, S.L.",18X000000000PCAN,Comercializador
INTEG,INTEGRACION EUROPEA DE ENERGIA,18XINTEG-12345-A,Comercializador
INTEA,INTERENERGIA ENERGY TRADING COMPANY,18X000000000L6I4,Comercializador
INTRA,INTRAENERGIA REPRESENTACION SL,18XINTRAENERGIAP,Comercializador
INUSK,INUSK01,18X000000000IJJC,Comercializador
INVEV,INVERGOMAR RESTAURACION SL,18X000000000PJB0,Representante
ISYDE,INVESYDE COMERCIALIZADORA,18X000000000FUC5,Comercializador
IONA,IONA ENERGÍA,18X000000000PIXX,Comercializador
IRIS,IRIS ENERGIA EFICIENTE,18X0000000008IYP,Comercializador
ISAEC,ISAE COMERCIALIZACION S.L.,18X000000000P5C3,Comercializador
ISEO,ISEO ENERGÍA S.L.,18X000000000P2UD,Consumidor directo mercado
KARMA,ISOEN ENERGY SOLUTIONS SL,18X000000000P3RG,Comercializador
ITURB,ITURBEGI S.L.,18XITURB-12345-R,Productor
JARON,J.ARON & COMPANY,11XJARON-------M,Comercializador
JMFEN,"JMF ENERGIAS RENOVABLES, S.L",18X000000000P4NL,Comercializador
JOVE,JOVE ENERGÍA RENOVABLE SL,18X000000000P777,Comercializador
JUANX,JUAN ENERGY COMERCIALIZADORA,18X000000000HBED,Comercializador
JDALU,JUNTA ANDALUCIA,18XJDALU-12345-J,Productor
JUSEP,JUST ENERGY PRO LUZ,18X000000000NVJU,Comercializador
KILVE,KILOWATIOS VERDES SL,18X0000000002KI1,Comercializador
KINE,"KINESTALIA ENERGIA, SOCIEDAD LIMITADA",18X000000000NLOD,Comercializador
KIRIN,"KIRIN RENOVABLES, SOCIEDAD LIMITADA",18X000000000P8FP,Comercializador
KODLC,KODL CAPITAL SL,18X000000000IVZI,Comercializador
KONRY,KONERY EFICIENCIA ENERGTICA,18XKONRY-12345-5,Consumidor directo mercado
KVASI,KVASIR TECHNOLOGIES LIMITED,48X000000000361P,Comercializador
KWFVI,"KWFVI ENERGÍA, S.L",18X000000000HTJN,Comercializador
LACOR,LA CORRIENTE S COOP,18X000000000BFEP,Comercializador
LAUEI,"LA UNIÓN ELECTRO INDUSTRIAL, S",18XLAUEI-12345-O,Comercializador
LAVAL,LA VALL COMERCIALIZADORA ELECTRICA SOCIEDAD LIMITADA,18X000000000NBHK,Comercializador
LABOI,LABOIL ENERGIA SL,18XLABOI-12345-M,Comercializador
LABOA,LABOR SOLIS COMERCIALIZADORA DE ENERGÍA S.L,18X000000000NNKF,Comercializador
LADYW,LADY WARSAW INVESTMENT SL,18X000000000P8MB,Comercializador
LAMPY,"LAMPYRIS ENERGIA, S.L.",18X000000000PIFW,Comercializador
LEONC,LEON COMERCIALIZADORA DE ENERGIA,18X000000000P7VX,Comercializador
LIDER,LIDERA COMERCIALIZADORA ENERGIA SL,18X000000000JXBJ,Comercializador
LDGIA,LIDERGIA,18XLIDERGIACOMMR,Productor
SOLTE,LIMPIEZA ENERGÉTICA 2024 SL,18X000000000P3BB,Comercializador
LINAM,LINAMAR LIGHT METALS ZARAGOZA S.A.U,18X000000000P8DT,Consumidor directo mercado
LINKE,LINK ENERGIA,18X000000000GSW4,Comercializador
LPWEN,LOCAL POWER ENERGY SL,18X000000000PL2C,Comercializador
LOCAL,"LOCALUZ ENERGIA, S.L.",18X000000000PBEI,Comercializador
LMER,LONJAS TECNOLOGIA S.A.,18XLMER-123456-J,Productor
LEDCE,LOOP ELECTRICIDAD,18XLEDCE-12345-Y,Comercializador
LOVEE,LOVE ENERGY,18X000000000H9K7,Comercializador
LOVIL,"LOVILUZ ENERGIA, S.L",18X000000000PBFG,Comercializador
LCOST,LOWCOSTPOWER,18X000000000ITIL,Comercializador
LUCIE,LUCIÉRNAGA COMERCIALIZADORA,18X0000000004P62,Comercializador
LUCIA,"LUCIFERASA-2 ENERGIA, S.L.",18X000000000P57D,Comercializador
LUCK,LUCKY LUZ ENERGIA SL,18X000000000P882,Comercializador
LUX,LUX FORUM SLU,18XLUX-1234567-H,Comercializador
LUXIA,"LUXIA ENERGIA Y CONSULTORES, S.L.",18X000000000P73F,Comercializador
LSINC,"LUZ SOLIDARIA INCLUSIVA, SL",18X000000000MYD0,Comercializador
LUZSO,LUZ SOLIDARIA SL,18X000000000F3TF,Comercializador
LUZYE,LUZY ENERGIA RENOVABLE SLU,18X000000000NEUM,Comercializador
LUZYG,LUZYGAS IBERIA SL,18X000000000P5NI,Comercializador
MACEB,MACEB,18X000000000I9I7,Consumidor directo mercado
MFRSA,MAFRESA IBERICO DE CONFIANZA,18X000000000EYOA,Consumidor directo mercado
MANUE,MANUEL GALLEGO MUDARRA,18X000000000PGD5,Productor
ONE,MARRUECOS,18XONE-123456-6M,Comercializador
MARTB,MARTIN LOPEZ DE PETROLEOS,18X000000000KYSF,Comercializador
MASAL,"MAS ALLA PRODUCTOS ENERGETICOS, S.L.",18X000000000PC9P,Comercializador
MASIN,MAS INTELIGENCIA,18XMASINTELIGEN8,Comercializador
MASNA,"MASNORTE GLOBAL POWER, SOCIEDAD LIMITADA",18X000000000PCEF,Comercializador
MASQL,MASQLUZ 2020,18X000000000H7YM,Comercializador
PLATA,MATADERO EL CABEZO DE LA PLATA,18X0000000001VL3,Consumidor directo mercado
MOIA,MATADERO MOIA,18XMOIA-123456-Y,Consumidor directo mercado
MAZEE,MAZE ENERGY S.L.,18X000000000PAEL,Comercializador
MEG,MEGARA ENERGIA SOC COOP,18XMEG-1234567-D,Comercializador
MEGAW,MEGAWATIO ENERGÍA SL,18X000000000P2MT,Comercializador
MERCU,MERCURIA ENERGY TRADING SA,12XMETSA-------C,Comercializador
MERKA,MERKAOÑA S.L.,18X000000000PEY6,Comercializador
MEROL,MEROLTEX SL,18X000000000N7IU,Consumidor directo mercado
METEN,"MET ENERGÍA ESPAÑA, S.A.U.",18X0000000001WNX,Comercializador
TALGA,METALGAR,18X000000000NWT7,Consumidor directo mercado
MINAI,MINAI SERVICIOS ENERGETICOS,18X000000000GSF1,Comercializador
MINAL,MINAS DE ALCANTARA SL,18X00000000014VR,Consumidor directo mercado
MODI,MODISPREM,18XMODI-123456-9,Consumidor directo mercado
MOLAL,MOLALUZ ENERGIA SL,18X000000000P7HO,Comercializador
MOLE,MOLECOR,18XMOLE-123456-Z,Consumidor directo mercado
MOLEC,MOLECOR CANALIZACIONES S.L,18X000000000OXWV,Consumidor directo mercado
MONTR,MONTARTO TECHNOLOGY SL,18X000000000OQMZ,Comercializador
MORTE,MORTERO SOLAR SPAIN S.L,18X000000000P9YL,Comercializador
MENER,MOSCOSO ENERGIA,18XMENER-12345-X,Comercializador
MOVHE,MOVHERA - HIDROELETRICAS DO NORTE SA,16XMOVHE-------W,Comercializador
MOVIE,MOVIER ENERGIA SOSTENIBLE S.L.,18X000000000P36L,Comercializador
MUEST,MUESTRARIOS IBERIA SL,18X000000000OD9Q,Consumidor directo mercado
MULTI,MULTIENERGIA VERDE,18XMULTI-12345-G,Comercializador
MULTA,MULTISERVICIOS TECNOLOGICOS SA,18XMUL-1234567-P,Comercializador
MULTB,MULTITELEC ENERGIA RENOVABLES SL,18X000000000P4QF,Comercializador
MSVSL,MUNICIPAL DE SERVICIOS VILLAHE,18XMSVSL-12345-O,Comercializador
MYEN,MY ENERGIA ONER S.L.,18XMYENERGIAONEZ,Comercializador
MYENX,MYENXXI,18X000000000KR0I,Comercializador
NABAL,NABALIA ENERGIA,18XNABAL-12345-Z,Comercializador
GNCC,NATURGY CICLOS COMBINADOS,18X000000000LF29,Productor
NYCLI,"NATURGY CLIENTES, S.A.",18X000000000ME36,Comercializador
GNFG,NATURGY GENERACIÓN S.L.U.,18XGNFG-123456-N,Productor
NEMON,NEMON INTELLIGENCE IN BUSINESS,18XNEMON-12345-4,Comercializador
NETON,"NETON ENERGY SERVICES, S.L.U.",18X000000000ORPQ,Comercializador
NEURO,NEURO ENERGIA,18X00000000074FZ,Comercializador
NEXAM,NEXT ENERGiA XXI SL,18X000000000KQZP,Comercializador
NEXAP,"NEXT ENERGY PLUS, S.L.",18X000000000PASU,Comercializador
NEXU,NEXUS ENERGIA,18XNEXU-12345-1F,Comercializador
NRENO,"NEXUS RENOVABLES, S.L.",18XNRENO-12345-B,Comercializador
NIDHO,NIDHOG APS,45X0000000000537,Comercializador
NIVA,NIVAPLAST RECICLADOS,18XNIVA-123456-O,Consumidor directo mercado
NOBLE,NOBLE CLEAN FUELS LIMITED,11XNOBLE-------F,Comercializador
NOCTI,"NOCTILUCA ENERGIA, S.L.",18X000000000PELW,Comercializador
NORDW,NORDWESTEN ENERGIE SL,18X000000000P6YU,Comercializador
NORE,NORTELECTRICA SA,18X0000000006N8X,Comercializador
NOSA,NOSA ENERXIA SCG,18XNOSA-123456-M,Comercializador
NETRA,NOVA ENERGIA TRADING SL,18X000000000PG2R,Comercializador
NVLZE,NOVALUZ ENERGÍA SL,18X000000000F1RP,Comercializador
NCE,NUEVA COMERCIALIZ ESPAÑOLA SL,18XNCE-1234567-9,Comercializador
NENAP,NUEVAS ENERGIAS APLICADAS SL,18X000000000PFQJ,Representante
NUKIK,"NUKIK ENERGY, SL",18X000000000PFUB,Comercializador
NUMI,NUMINARION SL,18X000000000PLJF,Comercializador
UMEME,OCTOPUS ENERGY ESPANA SLU,18X000000000EWHU,Comercializador
OCYE,OCYENER S.L.,18X000000000PJFT,Comercializador
ODARA,"ODARA RENOVABLES, S.L.",18X000000000PJ1K,Comercializador
ODELL,"ODELL ENERGY, S.L",18X000000000PH5I,Comercializador
ODF,ODF ENERGIA LIBRE,18XODF-1234567-A,Comercializador
OHMEY,OHM EYG COMERCIALIZADORA,18X000000000JNZ1,Comercializador
OHMIA,OHMIA ELECTRA,18X0000000004RPW,Comercializador
OKENE,OK_TU_ENEGIA_VERDE,18X000000000ITP7,Comercializador
OLE,OLE GREEN ENERGY,18XOLE-123456--N,Comercializador
OLIVA,OLIVES AND PICKLES,18X000000000KUDK,Consumidor directo mercado
OLIVC,OLIVIA COMERCIALIZADORA SLU,18X000000000B73Y,Comercializador
ONDEM,ON DEMAND FACILITIES,18XONDEMAND----Q,Comercializador
ONDAR,ONDARE UNIVERSIDAD SLU,18X000000000PAUQ,Consumidor directo mercado
ONS,ONSE,18X000000000BTUP,Consumidor directo mercado
REE,OPERADOR DEL SISTEMA,10XES-REE------E,Operador del sistema
OPPI,OPPIDUM,18XOPPI-123456-O,Comercializador
OURGR,"OUR GREEN ENERGY, S.L.",18X000000000PEVC,Comercializador
PEALT,P. E. DEL ALTIPLANO,18XPEALT-12345-C,Productor
PEBEC,P.E. BECERRIL S.L.,18XPEBEC-12345-2,Productor
PANDO,"PANDORA ENERGÍA, S.L.",18X000000000PEZ4,Comercializador
PTENG,PARATIENERGIA,18X000000000KUWJ,Comercializador
PEL,PELLET ASTURIAS,18X18XPELLETSASW,Consumidor directo mercado
NAVAR,PETRONAVARRA SL,18XNAVAR-12345-K,Comercializador
PESL,PETRONIEVES ENERGIA COMERCIALI,18XPESL-123456-6,Comercializador
DARUZ,PIENSOS DARUZ,18XPIENSOSDARUZV,Consumidor directo mercado
PINDO,PINDO ELECTRICIDAD Y GAS,18X000000000GSX2,Comercializador
PISUE,PISUERGA INFRAESTRUCTURAS ENERGETICAS SL,18X000000000P8BX,Comercializador
MATA,PIZARRAS MATACOUTA S.A,18XMATA-123456-7,Consumidor directo mercado
PLACG,PLANA CAN GUITART S.L.,18XPLANACG-1234D,Productor
BOTAR,PLANTA MECA-BIOLOGICA BOTARELL,18XBOTAR-12345-U,Productor
HELIO,"PLANTA SOLAR HELIOS I, S.L.",18XPSHELIOSI000N,Productor
PLAS,PLASPISA SA,18XPLAS-123456-D,Consumidor directo mercado
SPGG,PLASTIENVASE,18X0000000009MEC,Consumidor directo mercado
POLAR,"POLAR COMERCIALIZADORA ELÉCTRICA, S.L.",18X000000000P9AW,Comercializador
PONTC,PONTS COMERCIALITZADORA MUNICI,18X0000000002NA8,Comercializador
POTEN,POTENZIA COMERCIALIZADORA SL,18X0000000000T66,Comercializador
POWEE,POWER PULSE IBERIA SL,18X000000000P6Q9,Comercializador
POWED,POWER SOLAR TRADE SL,18X000000000P65E,Comercializador
SUNCA,POWER WATT ENERGY,18X0000000006YAX,Comercializador
POWER,POWERMART APS,23X-POWERMART--8,Comercializador
PRAET,PRAETIUM ENERGY SOCIEDAD LIMITADA,18X000000000PFV9,Comercializador
PRIMV,PRIMEVOLT ENERGY SL,18X000000000PING,Comercializador
CHURR,PRODUCTOS  CHURRUCA,18X000000000N045,Consumidor directo mercado
SOPRO,PROFIT ENERGY SL,18X000000000NROW,Comercializador
PROSA,PROSOL ENERGÍA COMERCIALIZADORA SL,18X000000000KYF4,Comercializador
PROTC,PROT ENERGIA COMERCIALIZACION,18XPROTENERGIACD,Comercializador
PULSA,PULSAR ENERGIA,18XPULSA-12345-M,Comercializador
QUANT,"QUANTICA COMERCIALIZADORA DE ENERGIA, S.L",18X000000000N7MM,Comercializador
QUANA,QUANTUM LUX 6.4 S.L,18X000000000NCL9,Comercializador
QENER,QUASAR ENERGIA,18X0000000007UJN,Comercializador
RDGCO,"RDG COMERCIALIZADORA GALEGA DE ENERXIA, S.A.",18X000000000P9TV,Comercializador
WATIO,RECICLAJE ECOLOGICOS BARATHEON,18X000000000H3GX,Comercializador
CHAND,RECICLAJES ECOLGICOS CHANDUY,18X000000000HNI6,Comercializador
NAGIN,RECICLAJES ECOLOGICOS NAGINI SL,18X000000000JXI5,Comercializador
EONUR,REGISITI COM. REGULADA,18XEONUR-123456S,Comercializador de Referencia
REMIC,REMICA COMERCIALIZADORA,18XREMIC-12345-0,Comercializador
SOREX,RENEWABLE ENERGY OPTIMISATION,48X000000000264N,Comercializador
RCONS,RENOVAE CONSULTING,18X000000000IL6W,Comercializador
RENUE,"RENU ENERGY, S.L.",18X000000000P4LP,Comercializador
VIEE,REPCOM EYG,18XVIEE-12345-36,Comercializador
RECON,REPRESENTANTES DE CONSUMIDORES EN EL MERCADO ELECTRICO,18XRECON-12345-P,Consumidor directo mercado
VIEG,REPSOL GENERACIÓN ELECTRICA,18XVIEG-12345-0T,Productor
REPP,REPSOL PETROLEO SA,18XREPP-12345-0T,Productor
REPQ,"REPSOL QUIMICA, S.A.",18XREPQ-12345-0J,Consumidor directo mercado
REPSB,REPSOL SERVICIOS RENOVABLES SA,18X000000000KUYF,Representante
RSPRA,RESPIRA ENERGIA,18XRSPRA-12345-N,Comercializador
RSPRE,RESPIRA ESPAÑA,18X0000000000BY4,Comercializador
REUSS,"REUS SERVEIS MUNICIPALS, SA",18X000000000LWMT,Comercializador
REYSE,REYSE ENERGIA SL,18XREYSE-12345-9,Comercializador
ROFEN,"ROFEICA ENERGIA, S.A.",18XROFEN-12345-9,Comercializador
OESTE,RONDA OESTE ENERGIA,18XOESTE-12345-U,Comercializador
ROTOR,ROTOR PRINT S.L,18X000000000PG4N,Consumidor directo mercado
SAHKO,SAHKOA SMART ENERGY SL,18X000000000PBAQ,Comercializador
SJUCA,SALTOS DEL JUCAR HIDRAULICA,18XSJUCA-12345-S,Productor
SAMAR,"SAMARA ENERGIA VPP, S.L.",18X000000000P8KF,Comercializador
SAMP,SAMPOL INGENIERIA Y OBRAS,18XSAMP-12345-1L,Productor
CHPED,SAN PEDRO DE ARAIA,18X000000000P1OS,Comercializador
SAPIE,SAPIENS ENERGIA COOPS,18X000000000K1HP,Comercializador
SASKI,SASKI BASKONIA SAD,18X000000000P22W,Consumidor directo mercado
SAIMP,SAT N9888 IMPERIO,18X000000000OB8Y,Consumidor directo mercado
SATSP,SATSP,18X000000000HFLO,Consumidor directo mercado
PRADO,SCL MTRA SRA DEL PRADO,18X0000000001MMS,Consumidor directo mercado
SEIYA,"SEIYA ENERGIA, S.L.",18X000000000PKQ4,Comercializador
SENEO,"SENEO, COOP.V.",18XSENEO-12345-J,Comercializador
SEDAE,SERV. ENER. DE ALTA EFICIENCIA,18XSEDAE-12345-0,Comercializador
SIRUS,SERVEI D INCINERACIÓ DELS RESI,18XSIRUSA------T,Productor
SEXTS,SERVICIO EXTREMEÑO DE SALUD,18X0000000008GQA,Consumidor directo mercado
SERVC,SERVICIOS ENERGÉTICOS AVANZADOS SL,18X000000000P3KU,Comercializador
SERV,SERVIENERGIA ELECTRICA SL,18X000000000P7JK,Comercializador
SYENE,SHAREYOURENERGY,18X000000000LH9Q,Comercializador
SHEEN,SHELL ENERGY,18XSHEEN-1234-6L,Comercializador
SHELL,"SHELL ESPAÑA, S.A.",18XSHELL-1234-3C,Comercializador
SHIRY,"SHIRYU ENERGIA, S.L.",18X000000000PIPC,Comercializador
SIGNO,"SIGNO ENERGY, S.L.",18X000000000ITMD,Comercializador
HSCOM,SILLEDA COMERCIALIZADORA,18X0000000000WIA,Comercializador
SIMPE,SIMPLES ENERGIA DE ESPAÑA SL,18X0000000000CJV,Comercializador
SIMP,SIMPLIA ENERGIA S.L,18X000000000PBDK,Comercializador
SMARC,SMARTESTENERGY LIMITED,18X000000000PENS,Comercializador
SMARB,SMARTLUZ ENERGY,18X000000000HOJ1,Productor
SMURF,"SMURFIT KAPPA NERVION, S.A.",18XSMURF-12345-J,Productor
SNIA,SNIACE S.A.,18XSNIA-123456-5,Productor
VIRTM,SOCIEDAD ARAGONESA,18X000000000HNBK,Comercializador
COTIR,SOCIETAT MUNICIPAL DE COMERCIA,18X0000000004GUI,Comercializador
SOCIN,SOCIÉTÉ EUROPÉENNE DE GESTION DE L'ENERGIE S.A.,21X000000001110Y,Comercializador
SOLRC,SOLARIA REPRESENTACIÓN EN MERCADO S.L.,18X000000000PBTP,Representante
SBYCO,"SOLBY DESARROLLOS EMPRESARIALES, S.L",18X000000000PJYS,Consumidor directo mercado
SOLFL,SOLFLIX SOLAR S.L.,18X000000000P38H,Comercializador
SLCZN,"SOLUZIONA TU ENERGIA, S.L.",18X000000000PH2O,Comercializador
SOLWE,SOLWE ENERGÍA,18X000000000JVBP,Comercializador
SOMEN,SOM ENERGIA COOPERATIVA,18XSOMEN-12345-U,Comercializador
SOLUZ,SONESTA LUZ,18X000000000P9UT,Comercializador
SONNI,"SONNEDIX ESPAÑA COMERCIALIZADORA, S.L.",18X000000000PIOE,Comercializador
SPINR,SPINREACT SAU,18X0000000005ZAY,Consumidor directo mercado
SPOCK,"SPOCK P2P, S.L.",18X000000000P4OJ,Representante
SSEEN,SSE ENERGY SUPPLY LIMITED,23X--140207-SSE9,Comercializador
SMG,STATKRAFT MARKETS GMBH,11XSTATKRAFT001N,Comercializador
STIN,STIN SA,18X-ROTOSTIN01-1,Comercializador
SPBB,SUAVIZANTES Y PLASTIFICANTES BITUMINOSOS,18XSPBB-123456-B,Consumidor directo mercado
SUCAS,SUCA SOCIEDAD COOPERATIVA,18X0000000001I6Z,Comercializador
RELUZ,SUJETO DE MERCADO RELUZCA,18X000000000IS2J,Comercializador
ENERP,SUJETO ENERPLUS,18XENERP-12345-G,Comercializador
SULA,SULAYR,18XSULA-12345--K,Consumidor directo mercado
SUMIA,"SUMINISTROS PROPIOS ENERGIA, SLU",18X000000000PGPI,Comercializador
SUNPS,SUN POWER SPAIN 365,18X000000000NI9F,Comercializador
SUNAI,SUNAIR ONE ENERGY,18XSUNAI-12345-W,Comercializador
SUNHO,SUNAIR ONE HOME,18XSUNAIRONEHOME,Comercializador
SUNFL,SUNFLIX RENOVABLES S.L.,18X000000000P37J,Comercializador
SAFE,"SUSTAINING AIR FOR EVERYONE, S.R.L.",18X000000000PESI,Comercializador
SWAPE,SWAP ENERGIA,18XSWAPE-12345-0,Comercializador
TALEN,TALARN ENERGIA ELECTRICA,18X00000000023AV,Comercializador
TAPOW,TARRAGONA POWER S.L,18XTAPOW-1234-0O,Productor
TATAN,TATANKA ENERGÍA S.L.,18X000000000PJ6A,Comercializador
TAUTR,TAUTRA ENERGIA,18X000000000KFBW,Comercializador
TLCOR,TELECOR REPRESENTANTE CONSUMIDORES DIRECTOS,18X000000000I3YU,Consumidor directo mercado
TSOL,TELEFÓNICA SOLUCIONES,18XTSOLUCIONES1N,Comercializador
TENDE,TENSINA DE ENERGIA Y SERVICIOS,18X0000000002JY9,Comercializador
TEXTB,TEXTIL PUIG UBACH SA,18X000000000M3UM,Consumidor directo mercado
VALOR,TEXTIL VALOR,18X000000000H0CD,Consumidor directo mercado
TGBSA,TGB SA,18X0000000006RMU,Consumidor directo mercado
THELE,TH ELECTRICITY GAS SL,18X000000000P4ZY,Comercializador
THER,THERMOLYMPIC S.L,18XTHER-123456-C,Consumidor directo mercado
TOMMY,"TOMMY ENERGY, S.L.",18X000000000P9IG,Comercializador
TORME,TORMESH SOLUTIONS SL,18X000000000LOFU,Comercializador
TORNA,TORNADIZOS ENERGY SL,18X000000000P8XQ,Comercializador
TORTE,"TORTOSA ENERGIA, S. A.",18XTORTE-1234-1I,Productor
TOTGA,TOTAL GAS,11XTOTAL-------8,Comercializador
TGYE,TOTAL GAS Y ELECTRICIDAD ESPAA SAU,18X00000000050WL,Comercializador
NATGA,TOTALENERGIES CLIENTES S.A.U.,18XNATGA-1234-3Y,Comercializador
TERSA,TRACTAMENT I SELECCIO DE RESID,18XTERSA--123-1S,Productor
TSRDE,TRAILSTONE RENEWABLES GMBH,11X0-0000-0518-U,Comercializador
TRICL,TRICLINIUM INVERSIONES SL,18X000000000P8N9,Comercializador
TRISO,TRISOLARIS AG,12X-000000209E-9,Comercializador
TUELE,TU ELECTRICA S.L.,18X000000000LN7C,Comercializador
CONTA,TUNERGIA,18X000000000J4MA,Comercializador
TEVI,TVITEC SYSTEM GLASS,18X00000000039IU,Consumidor directo mercado
UBORA,"UBORA ENERGIA SOCIAL, S.L.",18X000000000PKXR,Comercializador
ULSOL,ULTREYA SOLUCIONES SL,18X000000000I8J8,Comercializador
UNEL,UNIELECTRICA,18XUNIELECTRICAI,Comercializador
URANB,"URANOSCOPIDAE ENERGIA VI, S.L.",18X000000000LYD4,Comercializador
URANA,URANOSCOPIDAE V ENERGIA S.L.,18X000000000LDBY,Comercializador
URANC,"URANOSCOPIDAE VII ENERGIA, S.L.",18X000000000M27Y,Comercializador
URBEN,URBENER,18XURBEN-12345-F,Comercializador
URUSE,URUS ENERGY SORIA SLNE,18X000000000PAFJ,Comercializador
UTTEM,UTTEM-TRM,18XUTTEM-12345-O,Productor
VALEA,VALERO FORN TRADICIONAL SL,18X000000000NI7J,Consumidor directo mercado
VARAE,"VARAENER, S.L.",18X000000000P110,Comercializador
VECTO,VECTOR ENERGÍA S.L.,18X000000000CEYL,Comercializador
VELTA,VELETA ENERGIA SL,18X000000000MC74,Comercializador
VIMCO,VIMCOMEL SL,18X000000000P769,Comercializador
VINAO,VIÑAOLIVA SOCIEDDAD COOPERATIVA,18X000000000PDDE,Consumidor directo mercado
VIRGI,VIRGIN ELECTRIC COMERCIALIZADORA,18X0000000003K2T,Comercializador
VISAL,VISALIA ENERGIA SLU,18X000000000CAIS,Comercializador
SNIVI,VISCOCEL S.L.U,18XSNIVI-12345-Z,Consumidor directo mercado
VITEC,VITA ENERGY CONSULTING SL,18X000000000L86M,Representante
VITOL,VITOL SA,23XVITOLSA-----3,Comercializador
VIVA,VIVA ENERGIA Y SOLUCIONES SL,18X0000000002MQG,Comercializador
VIVO,VIVO ENERGIA FUTURA,18X0000000000JQX,Comercializador
WARTS,WARTSILA IBÉRICA S.A.,18XWARTS-12345-7,Productor
WEKIW,WEKIWI SL,18X000000000M9HU,Comercializador
WMARK,WIND TO MARKET,18XWMARK-1234-18,Comercializador
ENERG,XENERA COMPAÑÍA ELÉCTRICA S.A.,18XENERG-12345-N,Comercializador
YELLO,YELLOW ENERGY,18XYELLO-12345-4,Comercializador
ZELTR,ZELTRIA ENERGIA,18XZELTRIAENERGN,Comercializador
ZENON,"ZENON ENERGIA, S.L.",18X000000000PI3J,Comercializador
ZERE,ZEREP CARBONICAS Y AGUAS,18XZERE-123456-V,Consumidor directo mercado
ZRMTT,"ZERMATT POWER, SL",18X000000000KBRC,Comercializador
ZETAE,ZETA ENERXIA GALEGA S.L.,18X000000000P6T3,Comercializador
ZOVE,"ZONA ENERGÍA VERDE, S.L.",18X000000000PJ2I,Comercializador
ZUGPW,"ZUG POWER, SL",18X000000000MYC2,Comercializador
ZULU,ZULUX ENERGIA,18X000000000FBK9,Comercializador
